emoji	keywords
âŒšï¸	clock, time, watch
âŒ›ï¸	done, hourglas, hourglass, sand, time, timer
â°ï¸	alarm, clock, hour, hours, hrs, late, time, waiting
â³ï¸	done, flowing, hour, hourglas, hourglass, hours, not, sand, timer, waiting, yolo
â˜”ï¸	clothing, drop, drops, rain, umbrella, weather
â˜•ï¸	beverage, cafe, caffeine, chai, coffee, drink, hot, morning, steaming, tea
âš“ï¸	anchor, ship, tool
âš¡ï¸	danger, electric, electricity, high, lightning, nature, thunder, thunderbolt, voltage, zap
âš½ï¸	ball, football, futbol, soccer, sport
âš¾ï¸	ball, baseball, sport
â›„ï¸	cold, man, snow, snowman
â›…ï¸	behind, cloud, cloudy, sun, weather
â›“ï¸â€ğŸ’¥	break, breaking, broken, chain, cuff, cuffs, freedom
â›ªï¸	bles, bless, chapel, christian, church, cros, cross, religion
â›²ï¸	fountain
â›³ï¸	flag, golf, hole, in, sport
â›µï¸	boat, resort, sailboat, sailing, sea, yacht
â›¹ï¸â€â™€ï¸	athletic, ball, basketball, bouncing, championship, dribble, net, player, throw, woman
â›¹ï¸â€â™‚ï¸	athletic, ball, basketball, bouncing, championship, dribble, man, net, player, throw
â›ºï¸	camping, tent
â›½ï¸	diesel, fuel, fuelpump, gas, gasoline, pump, station
âœ¨ï¸	magic, sparkle, sparkles, star
â­ï¸	astronomy, medium, star, stars, white
ğŸ€„ï¸	dragon, game, mahjong, red
ğŸƒ	card, game, joker, wildcard
ğŸŒ€	cyclone, dizzy, hurricane, twister, typhoon, weather
ğŸŒ	fog, foggy
ğŸŒ‚	closed, clothing, rain, umbrella
ğŸŒƒ	night, star, stars
ğŸŒ„	morning, mountain, mountains, over, sun, sunrise
ğŸŒ…	morning, nature, sun, sunrise
ğŸŒ†	at, building, city, cityscape, dusk, evening, landscape, sun, sunset
ğŸŒ‡	building, dusk, sun, sunset
ğŸŒˆ	gay, genderqueer, glbt, glbtq, lesbian, lgbt, lgbtq, lgbtqia, nature, pride, queer, rain, rainbow, tran, trans, transgender, weather
ğŸŒ‰	at, bridge, night
ğŸŒŠ	nature, ocean, surf, surfer, surfing, water, wave
ğŸŒ‹	eruption, mountain, nature, volcano
ğŸŒŒ	milky, space, way
ğŸŒï¸	africa, earth, europe, globe, showing, world
ğŸŒï¸	america, americas, earth, globe, showing, world
ğŸŒï¸	asia, australia, earth, globe, showing, world
ğŸŒ	earth, globe, internet, meridian, meridians, web, world, worldwide
ğŸŒ‘	dark, moon, new, space
ğŸŒ’	crescent, dream, dreams, moon, space, waxing
ğŸŒ“	first, moon, quarter, space
ğŸŒ”	gibbou, gibbous, moon, space, waxing
ğŸŒ•ï¸	full, moon, space
ğŸŒ–	gibbou, gibbous, moon, space, waning
ğŸŒ—	last, moon, quarter, space
ğŸŒ˜	crescent, moon, space, waning
ğŸŒ™	crescent, moon, ramadan, space
ğŸŒš	moon, new, space
ğŸŒ›	first, moon, quarter, space
ğŸŒœï¸	dream, dreams, last, moon, quarter
ğŸŒ	bright, full, moon
ğŸŒ	beach, bright, day, heat, shine, sun, sunny, sunshine, weather
ğŸŒŸ	glittery, glow, glowing, night, shining, sparkle, star, win
ğŸŒ 	falling, night, shooting, space, star
ğŸŒ­	dog, frankfurter, hot, hotdog, sausage
ğŸŒ®	mexican, taco
ğŸŒ¯	burrito, mexican, wrap
ğŸŒ°	almond, chestnut, plant
ğŸŒ±	plant, sapling, seedling, sprout, young
ğŸŒ²	christma, christmas, evergreen, forest, pine, tree
ğŸŒ³	deciduou, deciduous, forest, green, habitat, shedding, tree
ğŸŒ´	beach, palm, plant, tree, tropical
ğŸŒµ	cactu, cactus, desert, drought, nature, plant
ğŸŒ·	blossom, flower, growth, plant, tulip
ğŸŒ¸	blossom, cherry, flower, plant, spring, springtime
ğŸŒ¹	beauty, elegant, flower, love, plant, red, rose, valentine
ğŸŒº	flower, hibiscu, hibiscus, plant
ğŸŒ»	flower, outdoor, outdoors, plant, sun, sunflower
ğŸŒ¼	blossom, buttercup, dandelion, flower, plant
ğŸŒ½	corn, crop, crops, ear, farm, maize, maze, of
ğŸŒ¾	ear, grain, grains, of, plant, rice, sheaf
ğŸŒ¿	herb, leaf, plant
ğŸ€	clover, four, irish, leaf, lucky, plant
ğŸ	falling, leaf, maple
ğŸ‚	autumn, fall, fallen, falling, leaf
ğŸƒ	blow, flutter, fluttering, in, leaf, wind
ğŸ„	fungu, fungus, mushroom, toadstool
ğŸ„â€ğŸŸ«	brown, food, fungi, fungu, fungus, mushroom, nature, pizza, portobello, shiitake, shroom, spore, sprout, topping, toppings, truffle, vegetable, vegetarian, veggie
ğŸ…	food, fruit, tomato, vegetable
ğŸ†	aubergine, eggplant, vegetable
ğŸ‡	dionysu, dionysus, fruit, grape, grapes
ğŸˆ	cantaloupe, fruit, melon
ğŸ‰	fruit, watermelon
ğŸŠ	citru, citrus, fruit, nectarine, orange, tangerine, vitamin
ğŸ‹	citru, citrus, fruit, lemon, sour
ğŸ‹â€ğŸŸ©	acidity, citru, citrus, cocktail, fruit, garnish, key, lime, margarita, mojito, refreshing, salsa, sour, tangy, tequila, tropical, zest
ğŸŒ	banana, fruit, potassium
ğŸ	colada, fruit, pina, pineapple, tropical
ğŸ	apple, diet, food, fruit, health, red, ripe
ğŸ	apple, fruit, green
ğŸ	fruit, pear
ğŸ‘	fruit, peach
ğŸ’	berries, berry, cherries, cherry, fruit, red
ğŸ“	berry, fruit, strawberry
ğŸ”	burger, eat, fast, food, hamburger, hungry
ğŸ•	cheese, food, hungry, pepperoni, pizza, slice
ğŸ–	bone, meat, on
ğŸ—	bone, chicken, drumstick, hungry, leg, poultry, turkey
ğŸ˜	cracker, food, rice
ğŸ™	ball, food, japanese, rice
ğŸš	cooked, food, rice
ğŸ›	curry, food, rice
ğŸœ	bowl, chopstick, chopsticks, food, noodle, pho, ramen, soup, steaming
ğŸ	food, meatball, meatballs, pasta, restaurant, spaghetti
ğŸ	bread, carb, carbs, food, grain, loaf, restaurant, toast, wheat
ğŸŸ	fast, food, french, fries, fry
ğŸ 	food, potato, roasted, sweet
ğŸ¡	dango, dessert, japanese, skewer, stick, sweet
ğŸ¢	food, kebab, oden, restaurant, seafood, skewer, stick
ğŸ£	food, sushi
ğŸ¤	fried, prawn, shrimp, tempura
ğŸ¥	cake, fish, food, pastry, restaurant, swirl
ğŸ¦	cream, dessert, food, ice, icecream, restaurant, serve, soft, sweet
ğŸ§	dessert, ice, restaurant, shaved, sweet
ğŸ¨	cream, dessert, food, ice, restaurant, sweet
ğŸ©	breakfast, dessert, donut, doughnut, food, sweet
ğŸª	chip, chocolate, cookie, dessert, sweet
ğŸ«	bar, candy, chocolate, dessert, halloween, sweet, tooth
ğŸ¬	candy, cavities, cavity, dessert, halloween, restaurant, sweet, tooth, wrapper
ğŸ­	candy, dessert, food, lollipop, restaurant, sweet
ğŸ®	custard, dessert, pudding, sweet
ğŸ¯	barrel, bear, food, honey, honeypot, jar, pot, sweet
ğŸ°	cake, dessert, pastry, shortcake, slice, sweet
ğŸ±	bento, box, food
ğŸ²	food, of, pot, soup, stew
ğŸ³	breakfast, cooking, easy, egg, fry, frying, over, pan, restaurant, side, sunny, up
ğŸ´	breakfast, breaky, cooking, cutlery, deliciou, delicious, dinner, eat, feed, food, fork, hungry, knife, lunch, restaurant, yum, yummy
ğŸµ	beverage, cup, drink, handle, oolong, tea, teacup
ğŸ¶	bar, beverage, bottle, cup, drink, restaurant, sake
ğŸ·	alcohol, bar, beverage, booze, club, drink, drinking, drinks, glas, glass, restaurant, wine
ğŸ¸ï¸	alcohol, bar, booze, club, cocktail, drink, drinking, drinks, glas, glass, mad, martini, men
ğŸ¹	alcohol, bar, booze, club, cocktail, drink, drinking, drinks, drunk, mai, party, tai, tropic, tropical, tropics
ğŸº	alcohol, ale, bar, beer, booze, drink, drinking, drinks, mug, octoberfest, oktoberfest, pint, stein, summer
ğŸ»	alcohol, bar, beer, booze, bottom, bottoms, cheer, cheers, clink, clinking, drink, drinking, drinks, mug, mugs
ğŸ¼	babies, baby, birth, born, bottle, drink, infant, milk, newborn
ğŸ¾	bar, bottle, cork, drink, popping
ğŸ¿	corn, movie, pop, popcorn
ğŸ€	celebration, ribbon
ğŸ	birthday, bow, box, celebration, christma, christmas, gift, present, surprise, wrapped
ğŸ‚	bday, birthday, cake, celebration, dessert, happy, pastry, sweet
ğŸƒ	celebration, halloween, jack, lantern, pumpkin
ğŸ„	celebration, christma, christmas, tree
ğŸ†	boom, celebration, entertainment, firework, fireworks, yolo
ğŸ‡	boom, celebration, firework, fireworks, sparkle, sparkler
ğŸˆ	balloon, birthday, celebrate, celebration
ğŸ‰	awesome, birthday, celebrate, celebration, excited, hooray, party, popper, tada, woohoo
ğŸŠ	ball, celebrate, celebration, confetti, party, woohoo
ğŸ‹	banner, celebration, japanese, tanabata, tree
ğŸ	bamboo, celebration, decoration, japanese, pine, plant
ğŸ	celebration, doll, dolls, festival, japanese
ğŸ	carp, celebration, streamer
ğŸ	bell, celebration, chime, wind
ğŸ‘	celebration, ceremony, moon, viewing
ğŸ’	backpack, backpacking, bag, bookbag, education, rucksack, satchel, school
ğŸ“ï¸	cap, celebration, clothing, education, graduation, hat, scholar
ğŸ 	carousel, entertainment, horse
ğŸ¡	amusement, ferri, ferris, park, theme, wheel
ğŸ¢	amusement, coaster, park, roller, theme
ğŸ£	entertainment, fish, fishing, pole, sport
ğŸ¤	karaoke, mic, microphone, music, sing, sound
ğŸ¥	bollywood, camera, cinema, film, hollywood, movie, record
ğŸ§ï¸	earbud, headphone, sound
ğŸ¨	art, artist, artsy, arty, colorful, creative, entertainment, museum, painter, painting, palette
ğŸ©	clothe, clothes, clothing, fancy, formal, hat, magic, top, tophat
ğŸª	circu, circus, tent
ğŸ«	admission, stub, ticket
ğŸ¬ï¸	action, board, clapper, movie
ğŸ­ï¸	actor, actres, actress, art, arts, entertainment, mask, performing, theater, theatre, thespian
ğŸ®ï¸	controller, entertainment, game, video
ğŸ¯	bull, bullseye, dart, direct, entertainment, game, hit, target
ğŸ°	casino, gamble, gambling, game, machine, slot, slots
ğŸ±	8ball, ball, billiard, eight, game, pool
ğŸ²	dice, die, entertainment, game
ğŸ³	ball, bowling, game, sport, strike
ğŸ´	card, cards, flower, game, japanese, playing
ğŸµ	music, musical, note, sound
ğŸ¶	music, musical, note, notes, sound
ğŸ·	instrument, music, sax, saxophone
ğŸ¸	guitar, instrument, music, strat
ğŸ¹	instrument, keyboard, music, musical, piano
ğŸº	instrument, music, trumpet
ğŸ»	instrument, music, violin
ğŸ¼	music, musical, note, score
ğŸ½	athletic, athletics, running, sash, shirt
ğŸ¾	ball, racquet, sport, tenni, tennis
ğŸ¿	ski, skis, snow, sport
ğŸ€	ball, basketball, hoop, sport
ğŸ‚ï¸	ski, snow, snowboard, snowboarder, sport
ğŸƒ	fast, hurry, marathon, move, person, quick, race, racing, run, running, rush, speed
ğŸƒâ€â™€ï¸	fast, hurry, marathon, move, quick, race, racing, run, running, rush, speed, woman
ğŸƒâ€â™€ï¸â€â¡ï¸	facing, fast, hurry, marathon, move, quick, race, racing, right, run, running, rush, speed, woman
ğŸƒâ€â™‚ï¸	fast, hurry, man, marathon, move, quick, race, racing, run, running, rush, speed
ğŸƒâ€â™‚ï¸â€â¡ï¸	facing, fast, hurry, man, marathon, move, quick, race, racing, right, run, running, rush, speed
ğŸƒâ€â¡ï¸	facing, fast, hurry, marathon, move, person, quick, race, racing, right, run, running, rush, speed
ğŸ„ï¸	beach, ocean, person, sport, surf, surfer, surfing, swell, wave, waves
ğŸ„â€â™€ï¸	beach, ocean, person, sport, surf, surfer, surfing, swell, wave, waves, woman
ğŸ„â€â™‚ï¸	beach, man, ocean, sport, surf, surfer, surfing, swell, wave, waves
ğŸ…	award, gold, medal, sport, sports, winner
ğŸ†ï¸	champ, champion, champs, prize, slay, sport, trophy, victory, win, winning
ğŸ‡	horse, jockey, racehorse, racing, riding, sport
ğŸˆ	american, ball, bowl, football, sport, super
ğŸ‰	ball, football, rugby, sport
ğŸŠï¸	freestyle, person, sport, swim, swimmer, swimming, triathlon
ğŸŠâ€â™€ï¸	freestyle, man, sport, swim, swimmer, swimming, triathlon, woman
ğŸŠâ€â™‚ï¸	freestyle, man, sport, swim, swimmer, swimming, triathlon
ğŸ‹ï¸â€â™€ï¸	barbell, bodybuilder, deadlift, lifter, lifting, powerlifting, weight, weightlifter, weights, woman, workout
ğŸ‹ï¸â€â™‚ï¸	barbell, bodybuilder, deadlift, lifter, lifting, man, powerlifting, weight, weightlifter, weights, workout
ğŸŒï¸â€â™€ï¸	ball, birdie, caddy, driving, golf, golfing, green, pga, putt, range, tee, woman
ğŸŒï¸â€â™‚ï¸	ball, birdie, caddy, driving, golf, golfing, green, man, pga, putt, range, tee
ğŸ	ball, bat, cricket, game
ğŸ	ball, game, volleyball
ğŸ‘	ball, field, game, hockey, stick
ğŸ’	game, hockey, ice, puck, stick
ğŸ“	ball, bat, game, paddle, ping, pingpong, pong, table, tenni, tennis
ğŸ ï¸	building, country, heart, home, house, ranch, settle, simple, suburban, suburbia, where
ğŸ¡	building, country, garden, heart, home, house, ranch, settle, simple, suburban, suburbia, where
ğŸ¢	building, city, cubical, job, office
ğŸ£	building, japanese, office, post
ğŸ¤	building, european, office, post
ğŸ¥	building, doctor, hospital, medicine
ğŸ¦	bank, building
ğŸ¨	building, hotel
ğŸ©	building, hotel, love
ğŸª	24, building, convenience, hour, hours, store
ğŸ«	building, school
ğŸ¬	building, department, store
ğŸ­ï¸	building, factory
ğŸ®	bar, lantern, light, paper, red, restaurant
ğŸ¯	building, castle, japanese
ğŸ°	building, castle, european
ğŸ¸	badminton, birdie, game, racquet, shuttlecock
ğŸ¹	archer, archery, arrow, bow, sagittariu, sagittarius, tool, weapon, zodiac
ğŸº	amphora, aquariu, aquarius, cooking, drink, jug, tool, weapon, zodiac
ğŸ€	animal, rat
ğŸ	animal, animals, mouse
ğŸ‚	animal, animals, bull, farm, ox, tauru, taurus, zodiac
ğŸƒ	animal, buffalo, water, zoo
ğŸ„	animal, animals, cow, farm, milk, moo
ğŸ…	animal, big, cat, predator, tiger, zoo
ğŸ†	animal, big, cat, leopard, predator, zoo
ğŸ‡	animal, bunny, pet, rabbit
ğŸˆï¸	animal, animals, cat, cats, kitten, pet
ğŸˆâ€â¬›	animal, black, cat, feline, halloween, meow, unlucky
ğŸ‰	animal, dragon, fairy, fairytale, knight, knights, tale
ğŸŠ	animal, crocodile, zoo
ğŸ‹	animal, beach, ocean, whale
ğŸŒ	animal, escargot, garden, nature, slug, snail
ğŸ	animal, bearer, ophiuchu, ophiuchus, serpent, snake, zodiac
ğŸ	animal, equestrian, farm, horse, racehorse, racing
ğŸ	animal, aries, ary, horn, horns, male, ram, sheep, zodiac, zoo
ğŸ	animal, capricorn, farm, goat, milk, zodiac
ğŸ‘	animal, baa, ewe, farm, female, fluffy, lamb, sheep, wool
ğŸ’	animal, banana, monkey
ğŸ“	animal, bird, ornithology, rooster
ğŸ”	animal, bird, chicken, ornithology
ğŸ•ï¸	animal, animals, dog, dogs, pet
ğŸ•â€ğŸ¦º	accessibility, animal, assistance, dog, service
ğŸ–	animal, bacon, farm, pig, pork, sow
ğŸ—	animal, boar, pig
ğŸ˜	animal, elephant
ğŸ™	animal, creature, ocean, octopu, octopus
ğŸš	animal, beach, conch, sea, shell, spiral
ğŸ›	animal, bug, garden, insect
ğŸœ	animal, ant, garden, insect
ğŸ	animal, bee, bumblebee, honey, honeybee, insect, nature, spring
ğŸ	animal, beetle, garden, insect, lady, ladybird, ladybug, nature
ğŸŸï¸	animal, dinner, fish, fishe, fishes, fishing, pisce, pisces, zodiac
ğŸ 	animal, fish, fishe, fishes, tropical
ğŸ¡	animal, blowfish, fish
ğŸ¢	animal, terrapin, tortoise, turtle
ğŸ£	animal, baby, bird, chick, egg, hatching
ğŸ¤	animal, baby, bird, chick, ornithology
ğŸ¥	animal, baby, bird, chick, facing, front, newborn, ornithology
ğŸ¦ï¸	animal, bird, ornithology
ğŸ¦â€â¬›	animal, beak, bird, black, caw, corvid, crow, ornithology, raven, rook
ğŸ¦â€ğŸ”¥	ascend, ascension, emerge, fantasy, firebird, glory, immortal, phoenix, rebirth, reincarnation, reinvent, renewal, revival, revive, rise, transform
ğŸ§	animal, antarctica, bird, ornithology, penguin
ğŸ¨	animal, australia, bear, down, koala, marsupial, under
ğŸ©	animal, dog, fluffy, poodle
ğŸª	animal, camel, desert, dromedary, hump, one
ğŸ«	animal, bactrian, camel, desert, hump, two
ğŸ¬	animal, beach, dolphin, flipper, ocean
ğŸ­	animal, mouse
ğŸ®	animal, cow, farm, milk, moo
ğŸ¯	animal, big, cat, predator, tiger
ğŸ°	animal, bunny, pet, rabbit
ğŸ±	animal, cat, kitten, kitty, pet
ğŸ²	animal, dragon, fairy, fairytale, tale
ğŸ³	animal, beach, ocean, spouting, whale
ğŸ´	animal, dressage, equine, farm, horse, horses
ğŸµ	animal, banana, monkey
ğŸ¶	adorb, adorbs, animal, dog, pet, puppies, puppy
ğŸ·	animal, bacon, farm, pig, pork
ğŸ¸	animal, frog
ğŸ¹	animal, hamster, pet
ğŸº	animal, wolf
ğŸ»	animal, bear, grizzly, growl, honey
ğŸ»â€â„ï¸	animal, arctic, bear, polar, white
ğŸ¼	animal, bamboo, panda
ğŸ½	animal, farm, nose, pig, smell, snout
ğŸ¾	feet, paw, paws, print, prints
ğŸ‘‘	clothing, crown, family, king, medieval, queen, royal, royalty, win
ğŸ‘’	clothe, clothes, clothing, garden, hat, hats, party, woman
ğŸ‘“ï¸	clothing, eye, eyeglasse, eyeglasses, eyewear, glasse, glasses
ğŸ‘”	clothing, employed, necktie, seriou, serious, shirt, tie
ğŸ‘•	blue, casual, clothe, clothes, clothing, collar, dressed, shirt, shopping, tshirt, weekend
ğŸ‘–	blue, casual, clothe, clothes, clothing, denim, dressed, jean, jeans, pant, pants, shopping, trouser, trousers, weekend
ğŸ‘—	clothe, clothes, clothing, dres, dress, dressed, fancy, shopping
ğŸ‘˜	clothing, comfortable, kimono
ğŸ‘™	bathing, beach, bikini, clothing, pool, suit, swim
ğŸ‘š	blouse, clothe, clothes, clothing, collar, dres, dress, dressed, lady, shirt, shopping, woman
ğŸ‘›	clothe, clothes, clothing, coin, dres, dress, fancy, handbag, purse, shopping
ğŸ‘œ	bag, clothe, clothes, clothing, dres, dress, handbag, lady, purse, shopping
ğŸ‘	bag, clothe, clothes, clothing, clutch, dres, dress, handbag, pouch, purse
ğŸ‘	brown, clothe, clothes, clothing, feet, foot, kick, man, shoe, shoes, shopping
ğŸ‘Ÿ	athletic, clothe, clothes, clothing, fast, kick, running, shoe, shoes, shopping, sneaker, tenni, tennis
ğŸ‘ 	clothe, clothes, clothing, dres, dress, fashion, heel, heeled, heels, high, shoe, shoes, shopping, stiletto, woman
ğŸ‘¡	clothing, sandal, shoe, woman
ğŸ‘¢	boot, clothe, clothes, clothing, dres, dress, shoe, shoes, shopping, woman
ğŸ‘¦	boy
ğŸ‘§	girl
ğŸ‘¨	man
ğŸ‘¨â€âš•ï¸	doctor, health, healthcare, man, nurse, therapist, worker
ğŸ‘¨â€âš–ï¸	judge, justice, law, man, scale, scales
ğŸ‘¨â€âœˆï¸	man, pilot, plane
ğŸ‘¨â€ğŸŒ¾	farmer, gardener, man, rancher
ğŸ‘¨â€ğŸ³	chef, cook, man
ğŸ‘¨â€ğŸ¼	baby, dad, father, feed, feeding, man, nanny, newborn, nursing
ğŸ‘¨â€ğŸ“	graduate, man, student
ğŸ‘¨â€ğŸ¤	actor, entertainer, man, rock, rockstar, singer, star
ğŸ‘¨â€ğŸ¨	artist, man, palette
ğŸ‘¨â€ğŸ«	instructor, lecturer, man, professor, teacher
ğŸ‘¨â€ğŸ­	assembly, factory, industrial, man, worker
ğŸ‘¨â€ğŸ’»	coder, computer, developer, inventor, man, software, technologist
ğŸ‘¨â€ğŸ’¼	architect, busines, business, collar, man, manager, office, white, worker
ğŸ‘¨â€ğŸ”§	electrician, man, mechanic, plumber, tradesperson
ğŸ‘¨â€ğŸ”¬	biologist, chemist, engineer, man, mathematician, physicist, scientist
ğŸ‘¨â€ğŸ¦¯	accessibility, blind, cane, man, probing, white
ğŸ‘¨â€ğŸ¦¯â€â¡ï¸	accessibility, blind, cane, facing, man, probing, right, white
ğŸ‘¨â€ğŸ¦¼	accessibility, in, man, motorized, wheelchair
ğŸ‘¨â€ğŸ¦¼â€â¡ï¸	accessibility, facing, in, man, motorized, right, wheelchair
ğŸ‘¨â€ğŸ¦½	accessibility, in, man, manual, wheelchair
ğŸ‘¨â€ğŸ¦½â€â¡ï¸	accessibility, facing, in, man, manual, right, wheelchair
ğŸ‘¨â€ğŸš€	astronaut, man, rocket, space
ğŸ‘¨â€ğŸš’	fire, firefighter, firetruck, man
ğŸ‘©	woman
ğŸ‘©â€âš•ï¸	doctor, health, healthcare, nurse, therapist, woman, worker
ğŸ‘©â€âš–ï¸	judge, justice, law, scale, scales, woman
ğŸ‘©â€âœˆï¸	pilot, plane, woman
ğŸ‘©â€ğŸŒ¾	farmer, gardener, rancher, woman
ğŸ‘©â€ğŸ³	chef, cook, woman
ğŸ‘©â€ğŸ¼	baby, feed, feeding, mom, mother, nanny, newborn, nursing, woman
ğŸ‘©â€ğŸ“	graduate, student, woman
ğŸ‘©â€ğŸ¤	actor, entertainer, rock, rockstar, singer, star, woman
ğŸ‘©â€ğŸ¨	artist, palette, woman
ğŸ‘©â€ğŸ«	instructor, lecturer, professor, teacher, woman
ğŸ‘©â€ğŸ­	assembly, factory, industrial, woman, worker
ğŸ‘©â€ğŸ’»	coder, computer, developer, inventor, software, technologist, woman
ğŸ‘©â€ğŸ’¼	architect, busines, business, collar, manager, office, white, woman, worker
ğŸ‘©â€ğŸ”§	electrician, mechanic, plumber, tradesperson, woman
ğŸ‘©â€ğŸ”¬	biologist, chemist, engineer, mathematician, physicist, scientist, woman
ğŸ‘©â€ğŸ¦¯	accessibility, blind, cane, probing, white, woman
ğŸ‘©â€ğŸ¦¯â€â¡ï¸	accessibility, blind, cane, facing, probing, right, white, woman
ğŸ‘©â€ğŸ¦¼	accessibility, in, motorized, wheelchair, woman
ğŸ‘©â€ğŸ¦¼â€â¡ï¸	accessibility, facing, in, motorized, right, wheelchair, woman
ğŸ‘©â€ğŸ¦½	accessibility, in, manual, wheelchair, woman
ğŸ‘©â€ğŸ¦½â€â¡ï¸	accessibility, facing, in, manual, right, wheelchair, woman
ğŸ‘©â€ğŸš€	astronaut, rocket, space, woman
ğŸ‘©â€ğŸš’	fire, firefighter, firetruck, woman
ğŸ‘®	apprehend, arrest, citation, cop, law, officer, over, police, pulled, undercover
ğŸ‘®â€â™€ï¸	apprehend, arrest, citation, cop, law, officer, over, police, pulled, undercover, woman
ğŸ‘®â€â™‚ï¸	apprehend, arrest, citation, cop, law, man, officer, over, police, pulled, undercover
ğŸ‘¯	bestie, bff, bunny, counterpart, dancer, double, ear, ears, identical, pair, party, partying, people, soulmate, twin, twinsies, twinsy
ğŸ‘¯â€â™€ï¸	bestie, bff, bunny, counterpart, dancer, double, ear, ears, identical, pair, party, partying, people, soulmate, twin, twinsies, twinsy, women
ğŸ‘¯â€â™‚ï¸	bestie, bff, bunny, counterpart, dancer, double, ear, ears, identical, men, pair, party, partying, people, soulmate, twin, twinsies, twinsy
ğŸ‘°	person, veil, wedding
ğŸ‘°â€â™€ï¸	bride, veil, wedding, woman
ğŸ‘°â€â™‚ï¸	man, veil, wedding
ğŸ‘²	cap, chinese, gua, guapi, hat, mao, person, pi, skullcap
ğŸ‘³	person, turban, wearing
ğŸ‘³â€â™€ï¸	turban, wearing, woman
ğŸ‘³â€â™‚ï¸	man, turban, wearing
ğŸ‘¶	baby, infant, newborn
ğŸ‘·	build, construction, fix, hardhat, hat, man, person, rebuild, remodel, repair, work, worker
ğŸ‘·â€â™€ï¸	build, construction, fix, hardhat, hat, man, rebuild, remodel, repair, woman, work, worker
ğŸ‘·â€â™‚ï¸	build, construction, fix, hardhat, hat, man, rebuild, remodel, repair, work, worker
ğŸ‘¸	crown, fairy, fairytale, fantasy, princes, princess, queen, royal, royalty, tale
ğŸ’‚	buckingham, guard, helmet, london, palace
ğŸ’‚â€â™€ï¸	buckingham, guard, helmet, london, palace, woman
ğŸ’‚â€â™‚ï¸	buckingham, guard, helmet, london, man, palace
ğŸ’ƒ	dance, dancer, dancing, elegant, festive, flair, flamenco, groove, let, salsa, tango, woman
ğŸ’„	cosmetic, cosmetics, date, lipstick, makeup
ğŸ’†	getting, headache, massage, person, relax, relaxing, salon, soothe, spa, tension, therapy, treatment
ğŸ’†â€â™€ï¸	getting, headache, massage, relax, relaxing, salon, soothe, spa, tension, therapy, treatment, woman
ğŸ’†â€â™‚ï¸	getting, headache, man, massage, relax, relaxing, salon, soothe, spa, tension, therapy, treatment
ğŸ’‡	barber, beauty, chop, cosmetology, cut, getting, groom, hair, haircut, parlor, person, shear, shears, style
ğŸ’‡â€â™€ï¸	barber, beauty, chop, cosmetology, cut, getting, groom, hair, haircut, parlor, person, shear, shears, style, woman
ğŸ’‡â€â™‚ï¸	barber, beauty, chop, cosmetology, cut, getting, groom, hair, haircut, man, parlor, person, shear, shears, style
ğŸ’ˆ	barber, cut, fresh, haircut, pole, shave
ğŸ’‰	doctor, flu, medicine, needle, shot, sick, syringe, tool, vaccination
ğŸ’Š	doctor, drug, drugs, medicated, medicine, pill, pills, sick, vitamin
ğŸ’	diamond, engaged, engagement, married, ring, romance, shiny, sparkling, wedding
ğŸ’	diamond, engagement, gem, jewel, money, romance, stone, wedding
ğŸ’	anniversary, birthday, bouquet, date, flower, love, plant, romance
ğŸ’’	chapel, hitched, nuptial, nuptials, romance, wedding
ğŸ’¡	bulb, comic, electric, idea, light
ğŸ’£ï¸	bomb, boom, comic, dangerou, dangerous, explosion, hot
ğŸ’§	cold, comic, drop, droplet, nature, sad, sweat, tear, water, weather
ğŸ’®	flower, white
ğŸ’°ï¸	bag, bank, bet, billion, cash, cost, dollar, gold, million, money, moneybag, paid, paying, pot, rich, win
ğŸ’³ï¸	bank, card, cash, charge, credit, money, pay
ğŸ’´	bank, banknote, bill, currency, money, note, yen
ğŸ’µ	bank, banknote, bill, currency, dollar, money, note
ğŸ’¶	100, bank, banknote, bill, currency, euro, money, note, rich
ğŸ’·	bank, banknote, bill, billion, cash, currency, money, note, pound, pounds
ğŸ’¸	bank, banknote, bill, billion, cash, dollar, fly, million, money, note, pay, wing, wings
ğŸ’¹	bank, chart, currency, graph, growth, increasing, market, money, rise, trend, upward, yen
ğŸ’º	chair, seat
ğŸ’»ï¸	computer, laptop, office, pc, personal
ğŸ’¼	briefcase, office
ğŸ’½	computer, disk, minidisk, optical
ğŸ’¾	computer, disk, floppy
ğŸ’¿ï¸	blu, cd, computer, disk, dvd, optical, ray
ğŸ“€	blu, cd, computer, disk, dvd, optical, ray
ğŸ“	file, folder
ğŸ“‚	file, folder, open
ğŸ“ƒ	curl, document, page, paper
ğŸ“„	document, facing, page, paper, up
ğŸ“…	calendar, date
ğŸ“†	calendar, off, tear
ğŸ“‡	card, index, old, rolodex, school
ğŸ“ˆ	chart, data, graph, growth, increasing, right, trend, up, upward
ğŸ“‰	chart, data, decreasing, down, downward, graph, negative, trend
ğŸ“Š	bar, chart, data, graph
ğŸ“‹ï¸	clipboard, do, list, note, notes
ğŸ“Œ	collage, pin, pushpin
ğŸ“	location, map, pin, pushpin, round
ğŸ“	paperclip
ğŸ“	angle, edge, math, ruler, straight, straightedge
ğŸ“	angle, math, rule, ruler, set, slide, triangle, triangular
ğŸ“‘	bookmark, mark, marker, tab, tabs
ğŸ“’	ledger, notebook
ğŸ““	notebook
ğŸ“”	book, cover, decorated, decorative, education, notebook, school, writing
ğŸ“•	book, closed, education
ğŸ“–	book, education, fantasy, knowledge, library, novel, novels, open, reading
ğŸ“—	book, education, fantasy, green, library, reading
ğŸ“˜	blue, book, education, fantasy, library, reading
ğŸ“™	book, education, fantasy, library, orange, reading
ğŸ“šï¸	book, books, education, fantasy, knowledge, library, novel, novels, reading, school, study
ğŸ“œ	paper, scroll
ğŸ“	communication, media, memo, note, notes, pencil
ğŸ“	communication, phone, receiver, telephone, voip
ğŸ“Ÿï¸	communication, pager
ğŸ“ 	communication, fax, machine
ğŸ“¡	alien, aliens, antenna, contact, dish, satellite, science
ğŸ“¢	addres, address, communication, loud, loudspeaker, public, sound
ğŸ“£	cheering, megaphone, sound
ğŸ“¤ï¸	box, email, letter, mail, outbox, sent, tray
ğŸ“¥ï¸	box, email, inbox, letter, mail, receive, tray, zero
ğŸ“¦ï¸	box, communication, delivery, package, parcel, shipping
ğŸ“§	email, letter, mail
ğŸ“¨	delivering, email, envelope, incoming, letter, mail, receive, sent
ğŸ“©	arrow, communication, down, email, envelope, letter, mail, outgoing, send, sent
ğŸ“ªï¸	closed, flag, lowered, mail, mailbox, postbox
ğŸ“«ï¸	closed, communication, flag, mail, mailbox, postbox, raised
ğŸ“¬ï¸	flag, mail, mailbox, open, postbox, raised
ğŸ“­ï¸	flag, lowered, mail, mailbox, open, postbox
ğŸ“®	mail, mailbox, postbox
ğŸ“¯	horn, post, postal
ğŸ“°	communication, new, news, newspaper, paper
ğŸ“±	cell, communication, mobile, phone, telephone
ğŸ“²	arrow, build, call, cell, communication, mobile, phone, receive, telephone
ğŸ“·ï¸	camera, photo, selfie, snap, tbt, trip, video
ğŸ“¸	camera, flash, video
ğŸ“¹ï¸	camcorder, camera, tbt, video
ğŸ“ºï¸	television, tv, video
ğŸ“»ï¸	entertainment, radio, tbt, video
ğŸ“¼	old, school, tape, vcr, vhs, video, videocassette
ğŸ“¿	bead, beads, clothing, necklace, prayer, religion
ğŸ”‡	mute, muted, quiet, silent, sound, speaker
ğŸ”ˆï¸	low, soft, sound, speaker, volume
ğŸ”‰	medium, sound, speaker, volume
ğŸ”Š	high, loud, music, sound, speaker, volume
ğŸ”‹	battery
ğŸ”Œ	electric, electricity, plug
ğŸ”ï¸	glas, glass, lab, left, magnifying, pointing, science, search, tilted, tool
ğŸ”	contact, glas, glass, lab, magnifying, pointing, right, science, search, tilted, tool
ğŸ”	ink, lock, locked, nib, pen, privacy
ğŸ”	bike, closed, key, lock, locked, secure
ğŸ”‘	key, keys, lock, major, password, unlock
ğŸ”’ï¸	closed, lock, locked, private
ğŸ”“ï¸	cracked, lock, open, unlock, unlocked
ğŸ””	bell, break, church, sound
ğŸ”•	bell, forbidden, mute, no, not, prohibited, quiet, silent, slash, sound
ğŸ”–	bookmark, mark
ğŸ”—	link, links
ğŸ”¥	af, burn, fire, flame, hot, lit, litaf, tool
ğŸ”¦	electric, flashlight, light, tool, torch
ğŸ”§	home, improvement, spanner, tool, wrench
ğŸ”¨	hammer, home, improvement, repair, repairs, tool
ğŸ”©	bolt, home, improvement, nut, tool
ğŸ”ª	chef, cooking, hocho, kitchen, knife, tool, weapon
ğŸ”«	gun, handgun, pistol, revolver, tool, water, weapon
ğŸ”¬	experiment, lab, microscope, science, tool
ğŸ”­	contact, extraterrestrial, science, telescope, tool
ğŸ”®	ball, crystal, fairy, fairytale, fantasy, fortune, future, magic, tale, tool
ğŸ•‹	hajj, islam, kaaba, muslim, religion, umrah
ğŸ•Œ	islam, masjid, mosque, muslim, religion
ğŸ•	jew, jewish, judaism, religion, synagogue, temple
ğŸ•ï¸	00, clock, one, time
ğŸ•‘ï¸	00, clock, time, two
ğŸ•’ï¸	00, clock, three, time
ğŸ•“ï¸	00, clock, four, time
ğŸ•”ï¸	00, clock, five, time
ğŸ••ï¸	00, clock, six, time
ğŸ•–ï¸	00, clock, seven
ğŸ•—ï¸	00, clock, eight, time
ğŸ•˜ï¸	00, clock, nine, time
ğŸ•™ï¸	00, 10, clock, ten
ğŸ•šï¸	00, 11, clock, eleven, time
ğŸ•›ï¸	00, 12, clock, time, twelve
ğŸ•œï¸	30, clock, one, thirty, time
ğŸ•ï¸	30, clock, thirty, time, two
ğŸ•ï¸	30, clock, thirty, three, time
ğŸ•Ÿï¸	30, clock, four, thirty, time
ğŸ• ï¸	30, clock, five, thirty, time
ğŸ•¡ï¸	30, clock, six, thirty
ğŸ•¢ï¸	30, clock, seven, thirty
ğŸ•£ï¸	30, clock, eight, thirty, time
ğŸ•¤ï¸	30, clock, nine, thirty, time
ğŸ•¥ï¸	10, 30, clock, ten, thirty, time
ğŸ•¦ï¸	11, 30, clock, eleven, thirty, time
ğŸ•§ï¸	12, 30, clock, thirty, time, twelve
ğŸ•µï¸â€â™€ï¸	detective, sleuth, spy, woman
ğŸ•µï¸â€â™‚ï¸	detective, man, sleuth, spy
ğŸ•º	dance, dancer, dancing, elegant, festive, flair, flamenco, groove, let, man, salsa, tango
ğŸ—»	fuji, mount, mountain, nature
ğŸ—¼	tokyo, tower
ğŸ—½	liberty, new, ny, nyc, of, statue, york
ğŸ—¾	japan, map, of
ğŸ—¿	moai, moyai, statue, stoneface, travel
ğŸ¤°	pregnant, woman
ğŸ¤±	baby, breast, feeding, mom, mother, nursing, woman
ğŸ¤´	crown, fairy, fairytale, fantasy, king, prince, royal, royalty, tale
ğŸ¤µ	formal, in, person, tuxedo, wedding
ğŸ¤µâ€â™€ï¸	formal, in, tuxedo, wedding, woman
ğŸ¤µâ€â™‚ï¸	formal, groom, in, man, tuxedo, wedding
ğŸ¤¸	active, cartwheel, cartwheeling, excited, flip, gymnastic, gymnastics, happy, person, somersault
ğŸ¤¸â€â™€ï¸	active, cartwheel, cartwheeling, excited, flip, gymnastic, gymnastics, happy, somersault, woman
ğŸ¤¸â€â™‚ï¸	active, cartwheel, cartwheeling, excited, flip, gymnastic, gymnastics, happy, man, somersault
ğŸ¤¹	act, balance, balancing, handle, juggle, juggling, manage, multitask, person, skill
ğŸ¤¹â€â™€ï¸	act, balance, balancing, handle, juggle, juggling, manage, multitask, skill, woman
ğŸ¤¹â€â™‚ï¸	act, balance, balancing, handle, juggle, juggling, man, manage, multitask, skill
ğŸ¤º	fencer, fencing, person, sword
ğŸ¤¼	combat, duel, grapple, people, ring, tournament, wrestle, wrestling
ğŸ¤¼â€â™€ï¸	combat, duel, grapple, ring, tournament, women, wrestle, wrestling
ğŸ¤¼â€â™‚ï¸	combat, duel, grapple, men, ring, tournament, wrestle, wrestling
ğŸ¤½	person, playing, polo, sport, swimming, water, waterpolo
ğŸ¤½â€â™€ï¸	playing, polo, sport, swimming, water, waterpolo, woman
ğŸ¤½â€â™‚ï¸	man, playing, polo, sport, swimming, water, waterpolo
ğŸ¤¾	athletic, athletics, ball, catch, chuck, handball, hurl, lob, person, pitch, playing, sport, throw, tos, toss
ğŸ¤¾â€â™€ï¸	athletic, athletics, ball, catch, chuck, handball, hurl, lob, pitch, playing, sport, throw, tos, toss, woman
ğŸ¤¾â€â™‚ï¸	athletic, athletics, ball, catch, chuck, handball, hurl, lob, man, pitch, playing, sport, throw, tos, toss
ğŸ¤¿	diving, mask, scuba, snorkeling
ğŸ¥€	dying, flower, wilted
ğŸ¥	drum, drumstick, drumsticks, music
ğŸ¥‚	celebrate, clink, clinking, drink, glas, glass, glasse, glasses
ğŸ¥ƒ	glas, glass, liquor, scotch, shot, tumbler, whiskey, whisky
ğŸ¥„	eat, spoon, tableware
ğŸ¥…	goal, net
ğŸ¥‡	1st, first, gold, medal, place
ğŸ¥ˆ	2nd, medal, place, second, silver
ğŸ¥‰	3rd, bronze, medal, place, third
ğŸ¥Š	boxing, glove
ğŸ¥‹	art, arts, judo, karate, martial, taekwondo, uniform
ğŸ¥Œ	curling, game, rock, stone
ğŸ¥	ball, goal, lacrosse, sport, sports, stick
ğŸ¥	ball, glove, softball, sport, sports, underarm
ğŸ¥	disc, flying, ultimate
ğŸ¥	bread, breakfast, crescent, croissant, food, french, roll
ğŸ¥‘	avocado, food, fruit
ğŸ¥’	cucumber, food, pickle, vegetable
ğŸ¥“	bacon, breakfast, food, meat
ğŸ¥”	food, potato, vegetable
ğŸ¥•	carrot, food, vegetable
ğŸ¥–	baguette, bread, food, french
ğŸ¥—	food, green, salad
ğŸ¥˜	casserole, food, of, paella, pan, shallow
ğŸ¥™	falafel, flatbread, food, gyro, kebab, stuffed
ğŸ¥š	breakfast, egg, food
ğŸ¥›	drink, glas, glass, milk, of
ğŸ¥œ	food, nut, peanut, peanuts, vegetable
ğŸ¥	food, fruit, kiwi
ğŸ¥	breakfast, cr, food, hotcake, pancake, pancakes, pe
ğŸ¥Ÿ	dumpling, empanada, gy, jiaozi, pierogi, potsticker, za
ğŸ¥ 	cookie, fortune, prophecy
ğŸ¥¡	box, chopstick, chopsticks, delivery, food, oyster, pail, takeout
ğŸ¥¢	chopstick, chopsticks, hashi, jeotgarak, kuaizi
ğŸ¥£	bowl, breakfast, cereal, congee, oatmeal, porridge, spoon
ğŸ¥¤	cup, drink, juice, malt, soda, soft, straw, water
ğŸ¥¥	coconut, colada, palm, pi
ğŸ¥¦	broccoli, cabbage, wild
ğŸ¥§	apple, filling, fruit, meat, pastry, pie, pumpkin, slice
ğŸ¥¨	convoluted, pretzel, twisted
ğŸ¥©	chop, cut, lambchop, meat, of, porkchop, red, steak
ğŸ¥ª	bread, sandwich
ğŸ¥«	can, canned, food
ğŸ¥¬	bok, burger, burgers, cabbage, choy, green, kale, leafy, lettuce, salad
ğŸ¥­	food, fruit, mango, tropical
ğŸ¥®	autumn, cake, festival, moon, ng, yu
ğŸ¥¯	bagel, bakery, bread, breakfast, schmear
ğŸ¥·	assassin, fight, fighter, hidden, ninja, person, secret, skill, skills, sly, soldier, stealth, war
ğŸ¥»	clothing, dres, dress, sari
ğŸ¥¼	clothe, clothes, coat, doctor, dr, experiment, jacket, lab, scientist, white
ğŸ¥½	dive, eye, goggle, goggles, protection, scuba, swimming, welding
ğŸ¥¾	backpacking, boot, brown, camping, hiking, outdoor, outdoors, shoe
ğŸ¥¿	ballet, comfy, flat, flats, on, shoe, slip, slipper
ğŸ¦€	cancer, crab, zodiac
ğŸ¦	alpha, animal, leo, lion, mane, order, rawr, roar, safari, strong, zodiac
ğŸ¦‚	scorpio, scorpion, scorpiu, scorpius, zodiac
ğŸ¦ƒ	bird, gobble, thanksgiving, turkey
ğŸ¦„	unicorn
ğŸ¦…	animal, bird, eagle, ornithology
ğŸ¦†	animal, bird, duck, ornithology
ğŸ¦‡	animal, bat, vampire
ğŸ¦ˆ	animal, fish, shark
ğŸ¦‰	animal, bird, ornithology, owl, wise
ğŸ¦Š	animal, fox
ğŸ¦‹	butterfly, insect, pretty
ğŸ¦Œ	animal, deer
ğŸ¦	animal, gorilla
ğŸ¦	animal, lizard, reptile
ğŸ¦	animal, rhinocero, rhinoceros
ğŸ¦	food, shellfish, shrimp, small
ğŸ¦‘	animal, food, mollusk, squid
ğŸ¦’	animal, giraffe, spot, spots
ğŸ¦“	animal, stripe, zebra
ğŸ¦”	animal, hedgehog, spiny
ğŸ¦•	brachiosauru, brachiosaurus, brontosauru, brontosaurus, dinosaur, diplodocu, diplodocus, sauropod
ğŸ¦–	dinosaur, rex, tyrannosauru, tyrannosaurus
ğŸ¦—	animal, bug, cricket, grasshopper, insect, orthoptera
ğŸ¦˜	animal, joey, jump, kangaroo, marsupial
ğŸ¦™	alpaca, animal, guanaco, llama, vicu, wool
ğŸ¦š	animal, bird, colorful, ornithology, ostentatiou, ostentatious, peacock, peahen, pretty, proud
ğŸ¦›	animal, hippo, hippopotamu, hippopotamus
ğŸ¦œ	animal, bird, ornithology, parrot, pirate, talk
ğŸ¦	animal, curiou, curious, raccoon, sly
ğŸ¦	animal, bisque, claw, claws, lobster, seafood
ğŸ¦Ÿ	bite, disease, fever, insect, malaria, mosquito, pest, viru, virus
ğŸ¦ 	amoeba, bacteria, microbe, science, viru, virus
ğŸ¦¡	animal, badger, honey, pester
ğŸ¦¢	animal, bird, cygnet, duckling, ornithology, swan, ugly
ğŸ¦£	animal, extinction, large, mammoth, tusk, wooly
ğŸ¦¤	animal, bird, dodo, extinction, large, ornithology
ğŸ¦¥	lazy, sloth, slow
ğŸ¦¦	animal, fishing, otter, playful
ğŸ¦§	animal, ape, monkey, orangutan
ğŸ¦¨	animal, skunk, stink
ğŸ¦©	animal, bird, flamboyant, flamingo, ornithology, tropical
ğŸ¦ª	diving, oyster, pearl
ğŸ¦«	animal, beaver, dam, teeth
ğŸ¦¬	animal, bison, buffalo, herd, wisent
ğŸ¦­	animal, lion, ocean, sea, seal
ğŸ¦®	accessibility, animal, blind, dog, guide
ğŸ¦¯	accessibility, blind, cane, probing, white
ğŸ¦º	emergency, safety, vest
ğŸ¦¼	accessibility, motorized, wheelchair
ğŸ¦½	accessibility, manual, wheelchair
ğŸ§€	cheese, wedge
ğŸ§	bakery, cupcake, dessert, sprinkle, sprinkles, sugar, sweet, treat
ğŸ§‚	condiment, flavor, mad, salt, salty, shaker, taste, upset
ğŸ§ƒ	beverage, box, juice, straw, sweet
ğŸ§„	flavoring, garlic
ğŸ§…	flavoring, onion
ğŸ§†	chickpea, falafel, meatball
ğŸ§‡	breakfast, indecisive, iron, waffle
ğŸ§ˆ	butter, dairy
ğŸ§‰	drink, mate
ğŸ§Š	cold, cube, ice, iceberg
ğŸ§‹	boba, bubble, food, milk, pearl, tea
ğŸ§	person, stand, standing
ğŸ§â€â™€ï¸	stand, standing, woman
ğŸ§â€â™‚ï¸	man, stand, standing
ğŸ§	knee, kneel, kneeling, knees, person
ğŸ§â€â™€ï¸	knee, kneel, kneeling, knees, woman
ğŸ§â€â™€ï¸â€â¡ï¸	facing, knee, kneel, kneeling, knees, right, woman
ğŸ§â€â™‚ï¸	knee, kneel, kneeling, knees, man
ğŸ§â€â™‚ï¸â€â¡ï¸	facing, knee, kneel, kneeling, knees, man, right
ğŸ§â€â¡ï¸	facing, knee, kneel, kneeling, knees, person, right
ğŸ§‘â€âš•ï¸	doctor, health, healthcare, nurse, therapist, worker
ğŸ§‘â€âš–ï¸	judge, justice, law, scale, scales
ğŸ§‘â€âœˆï¸	pilot, plane
ğŸ§‘â€ğŸŒ¾	farmer, gardener, rancher
ğŸ§‘â€ğŸ³	chef, cook
ğŸ§‘â€ğŸ¼	baby, feed, feeding, nanny, newborn, nursing, parent, person
ğŸ§‘â€ğŸ“	graduate, student
ğŸ§‘â€ğŸ¤	actor, entertainer, rock, rockstar, singer, star
ğŸ§‘â€ğŸ¨	artist, palette
ğŸ§‘â€ğŸ«	instructor, lecturer, professor, teacher
ğŸ§‘â€ğŸ­	assembly, factory, industrial, worker
ğŸ§‘â€ğŸ’»	coder, computer, developer, inventor, software, technologist
ğŸ§‘â€ğŸ’¼	architect, busines, business, collar, manager, office, white, worker
ğŸ§‘â€ğŸ”§	electrician, mechanic, plumber, tradesperson
ğŸ§‘â€ğŸ”¬	biologist, chemist, engineer, mathematician, physicist, scientist
ğŸ§‘â€ğŸ¦¯	accessibility, blind, cane, person, probing, white
ğŸ§‘â€ğŸ¦¯â€â¡ï¸	accessibility, blind, cane, facing, person, probing, right, white
ğŸ§‘â€ğŸ¦¼	accessibility, in, motorized, person, wheelchair
ğŸ§‘â€ğŸ¦¼â€â¡ï¸	accessibility, facing, in, motorized, person, right, wheelchair
ğŸ§‘â€ğŸ¦½	accessibility, in, manual, person, wheelchair
ğŸ§‘â€ğŸ¦½â€â¡ï¸	accessibility, facing, in, manual, person, right, wheelchair
ğŸ§‘â€ğŸ©°	ballet, dancer
ğŸ§‘â€ğŸš€	astronaut, rocket, space
ğŸ§‘â€ğŸš’	fire, firefighter, firetruck
ğŸ§•	bandana, head, headscarf, hijab, kerchief, mantilla, tichel, woman
ğŸ§–	day, in, luxuriou, luxurious, pamper, person, relax, room, sauna, spa, steam, steambath, steamy, unwind
ğŸ§–â€â™€ï¸	day, in, luxuriou, luxurious, pamper, relax, room, sauna, spa, steam, steambath, steamy, unwind, woman
ğŸ§–â€â™‚ï¸	day, in, luxuriou, luxurious, man, pamper, relax, room, sauna, spa, steam, steambath, steamy, unwind
ğŸ§—	climb, climber, climbing, mountain, person, rock, scale, up
ğŸ§—â€â™€ï¸	climb, climber, climbing, mountain, rock, scale, up, woman
ğŸ§—â€â™‚ï¸	climb, climber, climbing, man, mountain, rock, scale, up
ğŸ§˜	cros, cross, in, leg, legged, legs, lotu, lotus, meditation, peace, person, position, relax, serenity, yoga, yogi, zen
ğŸ§˜â€â™€ï¸	cros, cross, in, leg, legged, legs, lotu, lotus, meditation, peace, position, relax, serenity, woman, yoga, yogi, zen
ğŸ§˜â€â™‚ï¸	cros, cross, in, leg, legged, legs, lotu, lotus, man, meditation, peace, position, relax, serenity, yoga, yogi, zen
ğŸ§¢	baseball, bent, billed, cap, dad, hat
ğŸ§£	bundle, cold, neck, scarf, up
ğŸ§¤	glove, gloves, hand
ğŸ§¥	brr, bundle, coat, cold, jacket, up
ğŸ§¦	sock, socks, stocking
ğŸ§§	envelope, gift, good, lai, luck, money, ngb, red, see
ğŸ§¨	dynamite, explosive, fire, firecracker, firework, fireworks, light, pop, popping, spark
ğŸ§©	clue, interlocking, jigsaw, piece, puzzle
ğŸ§ª	chemist, chemistry, experiment, lab, science, test, tube
ğŸ§«	bacteria, biologist, biology, culture, dish, lab, petri
ğŸ§¬	biologist, dna, evolution, gene, genetic, genetics, life
ğŸ§­	compas, compass, direction, magnetic, navigation, orienteering
ğŸ§®	abacu, abacus, calculation, calculator
ğŸ§¯	extinguish, extinguisher, fire, quench
ğŸ§°	box, chest, mechanic, red, tool, toolbox
ğŸ§±	brick, bricks, clay, mortar, wall
ğŸ§²	attraction, horseshoe, magnet, magnetic, negative, positive, shape
ğŸ§³	bag, luggage, packing, roller, suitcase, travel
ğŸ§´	bottle, lotion, moisturizer, shampoo, sunscreen
ğŸ§µ	needle, sewing, spool, string, thread
ğŸ§¶	ball, crochet, knit, yarn
ğŸ§·	diaper, pin, punk, rock, safety
ğŸ§¸	bear, plaything, plush, stuffed, teddy, toy
ğŸ§¹	broom, cleaning, sweeping, witch
ğŸ§º	basket, farming, laundry, picnic
ğŸ§»	of, paper, roll, toilet, towel, towels
ğŸ§¼	bar, bathing, clean, cleaning, lather, soap, soapdish
ğŸ§½	absorbing, cleaning, porou, porous, soak, sponge
ğŸ§¾	accounting, bookkeeping, evidence, invoice, proof, receipt
ğŸ§¿	amulet, bead, blue, charm, evil, eye, nazar, talisman
ğŸ©°	ballet, dance, shoe, shoes
ğŸ©±	bathing, one, piece, suit, swimsuit
ğŸ©²	bathing, brief, briefs, one, piece, suit, swimsuit, underwear
ğŸ©³	bathing, pant, pants, short, shorts, suit, swimsuit, underwear
ğŸ©´	beach, flip, flop, ri, sandal, sandals, shoe, thong, thongs
ğŸ©¸	bleed, blood, donation, drop, injury, medicine, menstruation, of
ğŸ©¹	adhesive, bandage
ğŸ©º	doctor, heart, medicine, stethoscope
ğŸ©»	bone, bones, doctor, medical, ray, skeleton, skull, xray
ğŸ©¼	aid, cane, crutch, disability, help, hurt, injured, mobility, stick
ğŸª€	fluctuate, toy, yo
ğŸª	fly, kite, soar
ğŸª‚	glide, hang, parachute, parasail, skydive
ğŸªƒ	boomerang, rebound, repercussion, weapon
ğŸª„	magic, magician, wand, witch, wizard
ğŸª…	ata, candy, celebrate, celebration, cinco, de, festive, mayo, party, pi, pinada, pinata
ğŸª†	babooshka, baboushka, babushka, doll, dolls, matryoshka, nesting, russia
ğŸª‡	cha, dance, instrument, maraca, maracas, music, party, percussion, rattle, shake, shaker
ğŸªˆ	band, fife, flautist, flute, instrument, marching, music, orchestra, piccolo, pipe, recorder, woodwind
ğŸª‰	cupid, harp, instrument, love, music, orchestra
ğŸª	bury, dig, garden, hole, plant, scoop, shovel, snow, spade
ğŸª	planet, ringed, saturn, saturnine
ğŸª‘	chair, seat, sit
ğŸª’	razor, sharp, shave
ğŸª“	ax, axe, chop, hatchet, split, wood
ğŸª”	diya, lamp, light, oil
ğŸª•	banjo, music, stringed
ğŸª–	army, helmet, military, soldier, war, warrior
ğŸª—	accordion, box, concertina, instrument, music, squeeze, squeezebox
ğŸª˜	beat, conga, drum, instrument, long, rhythm
ğŸª™	coin, dollar, euro, gold, metal, money, rich, silver, treasure
ğŸªš	carpenter, carpentry, cut, lumber, saw, tool, trim
ğŸª›	flathead, handy, screw, screwdriver, tool
ğŸªœ	climb, ladder, rung, step
ğŸª	catch, crook, curve, ensnare, hook, point, selling
ğŸª	makeup, mirror, reflection, reflector, speculum
ğŸªŸ	air, frame, fresh, opening, transparent, view, window
ğŸª 	cup, force, plumber, plunger, poop, suction, toilet
ğŸª¡	embroidery, needle, sew, sewing, stitche, stitches, suture, sutures, tailoring, thread
ğŸª¢	cord, knot, rope, tangled, tie, twine, twist
ğŸª£	bucket, cask, pail, vat
ğŸª¤	bait, cheese, lure, mouse, mousetrap, snare, trap
ğŸª¥	bathroom, brush, clean, dental, hygiene, teeth, toiletry, toothbrush
ğŸª¦	cemetery, dead, grave, graveyard, headstone, memorial, rip, tomb, tombstone
ğŸª§	card, demonstration, notice, picket, placard, plaque, protest
ğŸª¨	boulder, heavy, rock, solid, stone, tough
ğŸª©	ball, dance, disco, glitter, mirror, party
ğŸªª	card, credential, credentials, document, id, identification, license, security
ğŸª«	battery, drained, electronic, energy, low, power
ğŸª¬	amulet, fatima, fortune, guide, hamsa, hand, mary, miriam, palm, protect, protection
ğŸª­	clack, clap, cool, cooling, dance, fan, flirt, flutter, folding, hand, hot, shy
ğŸª®	afro, comb, groom, hair, pick
ğŸª°	animal, disease, fly, insect, maggot, pest, rotting
ğŸª±	animal, annelid, earthworm, parasite, worm
ğŸª²	animal, beetle, bug, insect
ğŸª³	animal, cockroach, insect, pest, roach
ğŸª´	decor, grow, house, nurturing, plant, pot, potted
ğŸªµ	log, lumber, timber, wood
ğŸª¶	bird, feather, flight, light, plumage
ğŸª·	beauty, buddhism, calm, flower, hinduism, lotu, lotus, peace, purity, serenity
ğŸª¸	change, climate, coral, ocean, reef, sea
ğŸª¹	branch, empty, home, nest, nesting
ğŸªº	bird, branch, egg, eggs, nest, nesting
ğŸª»	bloom, bluebonnet, flower, hyacinth, indigo, lavender, lilac, lupine, plant, purple, shrub, snapdragon, spring, violet
ğŸª¼	animal, aquarium, burn, invertebrate, jelly, jellyfish, life, marine, ocean, ouch, plankton, sea, sting, stinger, tentacle, tentacles
ğŸª½	angelic, ascend, aviation, bird, fly, flying, heavenly, mythology, soar, wing
ğŸª¾	bare, barren, branche, branches, dead, drought, leafles, leafless, tree, trunk, winter, wood
ğŸª¿	animal, bird, duck, flock, fowl, gaggle, gander, geese, goose, honk, ornithology, silly
ğŸ«ƒ	belly, bloated, full, man, overeat, pregnant
ğŸ«„	belly, bloated, full, overeat, person, pregnant, stuffed
ğŸ«…	crown, monarch, noble, person, regal, royal, royalty
ğŸ«	alce, alces, animal, antler, antlers, elk, mammal, moose
ğŸ«	animal, ass, burro, donkey, hinny, mammal, mule, stubborn
ğŸ«	berries, berry, bilberry, blue, blueberries, blueberry, food, fruit
ğŸ«‘	bell, capsicum, food, pepper, vegetable
ğŸ«’	food, olive
ğŸ«“	arepa, bread, flatbread, food, gordita, lavash, naan, pita
ğŸ«”	food, mexican, pamonha, tamale, wrapped
ğŸ«•	cheese, chocolate, fondue, food, melted, pot, ski
ğŸ«–	brew, drink, food, pot, tea, teapot
ğŸ«—	accident, drink, empty, glas, glass, liquid, oop, oops, pour, pouring, spill, water
ğŸ«˜	bean, beans, food, kidney, legume, small
ğŸ«™	condiment, container, empty, jar, nothing, sauce, store
ğŸ«š	beer, ginger, health, herb, natural, root, spice
ğŸ«›	bean, beans, beanstalk, edamame, legume, pea, pod, soybean, vegetable, veggie
ğŸ«œ	beet, food, garden, radish, root, salad, turnip, vegetable, vegetarian
ğŸ«§	bubble, bubbles, burp, clean, floating, pearl, soap, underwater
ğŸš€	launch, rocket, rockets, space, travel
ğŸš	copter, helicopter, roflcopter, travel, vehicle
ğŸš‚	caboose, engine, locomotive, railway, steam, train, trains, travel
ğŸšƒ	car, electric, railway, train, tram, travel, trolleybu, trolleybus
ğŸš„	high, railway, shinkansen, speed, train
ğŸš…	bullet, high, nose, railway, shinkansen, speed, train, travel
ğŸš†	arrived, choo, railway, train
ğŸš‡ï¸	metro, subway, travel
ğŸšˆ	arrived, light, monorail, rail, railway
ğŸš‰	railway, station, train
ğŸšŠ	tram, trolleybu, trolleybus
ğŸš‹	bus, car, tram, trolley, trolleybu, trolleybus
ğŸšŒ	bus, school, vehicle
ğŸšï¸	bus, car, cars, oncoming
ğŸš	bus, tram, trolley, trolleybu, trolleybus
ğŸš	bus, busstop, stop
ğŸš	bus, drive, minibu, minibus, van, vehicle
ğŸš‘ï¸	ambulance, emergency, vehicle
ğŸš’	engine, fire, truck
ğŸš“	car, cop, cops, patrol, police
ğŸš”ï¸	car, oncoming, police
ğŸš•	cab, cabbie, car, drive, taxi, vehicle, yellow
ğŸš–	cab, cabbie, car, cars, drove, hail, oncoming, taxi, yellow
ğŸš—	automobile, car, driving, vehicle
ğŸš˜ï¸	automobile, car, cars, drove, oncoming, vehicle
ğŸš™	car, drive, recreational, sport, sportutility, utility, vehicle
ğŸšš	car, delivery, drive, truck, vehicle
ğŸš›	articulated, car, drive, lorry, move, semi, truck, vehicle
ğŸšœ	tractor, vehicle
ğŸš	monorail, vehicle
ğŸš	car, mountain, railway, trip
ğŸšŸ	railway, suspension
ğŸš 	cable, cableway, gondola, lift, mountain, ski
ğŸš¡	aerial, cable, car, gondola, ropeway, tramway
ğŸš¢	boat, passenger, ship, travel
ğŸš£	boat, canoe, cruise, fishing, lake, oar, paddle, person, raft, river, row, rowboat, rowing
ğŸš£â€â™€ï¸	boat, canoe, cruise, fishing, lake, oar, paddle, raft, river, row, rowboat, rowing, woman
ğŸš£â€â™‚ï¸	boat, canoe, cruise, fishing, lake, man, oar, paddle, raft, river, row, rowboat, rowing
ğŸš¤	billionaire, boat, lake, luxury, millionaire, speedboat, summer, travel
ğŸš¥	horizontal, intersection, light, signal, stop, stoplight, traffic
ğŸš¦	drove, intersection, light, signal, stop, stoplight, traffic, vertical
ğŸš§	barrier, construction
ğŸš¨	alarm, alert, beacon, car, emergency, light, police, revolving, siren
ğŸšª	back, closet, door, front
ğŸš¬	cigarette, smoking
ğŸš²ï¸	bicycle, bike, clas, class, cycle, cycling, cyclist, gang, ride, spin, spinning
ğŸš´	bicycle, bicyclist, bike, biking, cycle, cyclist, person, riding, sport
ğŸš´â€â™€ï¸	bicycle, bicyclist, bike, biking, cycle, cyclist, riding, sport, woman
ğŸš´â€â™‚ï¸	bicycle, bicyclist, bike, biking, cycle, cyclist, man, riding, sport
ğŸšµ	bicycle, bicyclist, bike, biking, cycle, cyclist, mountain, person, riding, sport
ğŸšµâ€â™€ï¸	bicycle, bicyclist, bike, biking, cycle, cyclist, mountain, riding, sport, woman
ğŸšµâ€â™‚ï¸	bicycle, bicyclist, bike, biking, cycle, cyclist, man, mountain, riding, sport
ğŸš¶	amble, gait, hike, man, pace, pedestrian, person, stride, stroll, walk, walking
ğŸš¶â€â™€ï¸	amble, gait, hike, man, pace, pedestrian, stride, stroll, walk, walking, woman
ğŸš¶â€â™€ï¸â€â¡ï¸	amble, facing, gait, hike, man, pace, pedestrian, right, stride, stroll, walk, walking, woman
ğŸš¶â€â™‚ï¸	amble, gait, hike, man, pace, pedestrian, stride, stroll, walk, walking
ğŸš¶â€â™‚ï¸â€â¡ï¸	amble, facing, gait, hike, man, pace, pedestrian, right, stride, stroll, walk, walking
ğŸš¶â€â¡ï¸	amble, facing, gait, hike, man, pace, pedestrian, person, right, stride, stroll, walk, walking
ğŸš½	bathroom, toilet
ğŸš¿	shower, water
ğŸ›€	bath, bathtub, person, taking, tub
ğŸ›	bath, bathtub
ğŸ›Œ	bed, bedtime, good, goodnight, hotel, in, nap, night, person, sleep, tired, zzz
ğŸ›‘	octagonal, stop
ğŸ›’	cart, shopping, trolley
ğŸ›•	hindu, temple
ğŸ›–	home, house, hut, roundhouse, shelter, yurt
ğŸ›—	accessibility, elevator, hoist, lift
ğŸ›	amusement, park, play, playground, playing, slide, sliding, theme
ğŸ›	car, circle, tire, turn, vehicle, wheel
ğŸ›Ÿ	buoy, float, life, lifesaver, preserver, rescue, ring, safety, save, saver, swim
ğŸ›«	aeroplane, airplane, check, departure, departures, in, plane
ğŸ›¬	aeroplane, airplane, arrival, arrivals, arriving, landing, plane
ğŸ›´	kick, scooter
ğŸ›µ	motor, scooter
ğŸ›¶	boat, canoe
ğŸ›·	luge, sled, sledge, sleigh, snow, toboggan
ğŸ›¸	alien, aliens, extra, flying, saucer, terrestrial, ufo
ğŸ›¹	board, skate, skateboard, skater, wheel, wheels
ğŸ›º	auto, rickshaw, tuk
ğŸ›»	automobile, car, flatbed, pick, pickup, transportation, truck, up
ğŸ›¼	blade, blades, roller, skate, skates, sport
ğŸ›˜	avalanche, danger, disaster, earthquake, landslide, mountain, mudslide, rock, rocks
ğŸªŠ	bras, brass, instrument, jazz, music, sad, slide, trombone
ğŸª	chest, gem, gold, jewel, jewels, loot, money, prize, silver, treasure, valuable, valuables, wealth
ğŸ«	marine, ocean, orca, whale
